{
"time" : [0, 0.105263, 0.210526, 0.315789, 0.421053, 0.526316, 0.631579, 0.736842, 0.842105, 0.947368, 1.05263, 1.15789, 1.26316, 1.36842, 1.47368, 1.57895, 1.68421, 1.78947, 1.89474, 2], 
"position" : [[0, 0, 0], [0, 0, -0.105263], [0, 0, -0.210526], [0, 0, -0.315789], [0, 0, -0.421053], [0, 0, -0.526316], [0, 0, -0.631579], [0, 0, -0.736842], [0, 0, -0.842105], [0, 0, -0.947368], [0, 0, -0.947368], [0, 0, -0.842105], [0, 0, -0.736842], [0, 0, -0.631579], [0, 0, -0.526316], [0, 0, -0.421053], [0, 0, -0.315789], [0, 0, -0.210526], [0, 0, -0.105263], [0, 0, 0]], 
"rotation" : [[0, 0, 0, 1], [0, 0, 0, 1], [0, 0, 0, 1], [0, 0, 0, 1], [0, 0, 0, 1], [0, 0, 0, 1], [0, 0, 0, 1], [0, 0, 0, 1], [0, 0, 0, 1], [0, 0, 0, 1], [0, 0, 0, 1], [0, 0, 0, 1], [0, 0, 0, 1], [0, 0, 0, 1], [0, 0, 0, 1], [0, 0, 0, 1], [0, 0, 0, 1], [0, 0, 0, 1], [0, 0, 0, 1], [0, 0, 0, 1]] 
}
